{
  "category": {
    "optimal_threshold": 0.5,
    "precision_micro": 0.13093145869947276,
    "recall_micro": 0.3962765957446808,
    "f1_micro": 0.19682959048877147,
    "precision_macro": 0.1703518992557079,
    "recall_macro": 0.31749964314325424,
    "f1_macro": 0.15277638748132663,
    "f1_ads_monetization": 0.0,
    "support_ads_monetization": 0.0,
    "f1_battery_usage": 0.0,
    "support_battery_usage": 0.0,
    "f1_billing_subscription": 0.12371134020618557,
    "support_billing_subscription": 83.0,
    "f1_compatibility": 0.0,
    "support_compatibility": 26.0,
    "f1_crashes_stability": 0.23529411764705882,
    "support_crashes_stability": 59.0,
    "f1_customer_support": 0.0,
    "support_customer_support": 0.0,
    "f1_data_privacy": 0.1391941391941392,
    "support_data_privacy": 47.0,
    "f1_gameplay_mechanics": 0.32,
    "support_gameplay_mechanics": 96.0,
    "f1_login_auth": 0.0,
    "support_login_auth": 0.0,
    "f1_notifications": 0.0,
    "support_notifications": 0.0,
    "f1_offline_mode": 0.0,
    "support_offline_mode": 0.0,
    "f1_onboarding": 0.012422360248447204,
    "support_onboarding": 18.0,
    "f1_performance_speed": 0.12403100775193798,
    "support_performance_speed": 88.0,
    "f1_search": 0.0,
    "support_search": 0.0,
    "f1_social_features": 0.0,
    "support_social_features": 0.0,
    "f1_sync_speed": 0.0,
    "support_sync_speed": 0.0,
    "f1_ui_responsiveness": 0.07462686567164178,
    "support_ui_responsiveness": 113.0,
    "f1_ui_ux_design": 0.345707656612529,
    "support_ui_ux_design": 222.0,
    "f1_updates": 0.0,
    "support_updates": 0.0
  },
  "sentiment": {
    "accuracy": 0.704225352112676,
    "precision_macro": 0.5281717217819454,
    "recall_macro": 0.47001163238175203,
    "f1_macro": 0.49561225175064255,
    "f1_negative": 0.7516254876462939,
    "support_negative": 384.0,
    "f1_neutral": 0.0,
    "support_neutral": 0.0,
    "f1_positive": 0.7352112676056338,
    "support_positive": 397.0
  }
}